mode,psnr,ssim,lpips,scene
test,27.77867523676486,0.8049044790924091,0.2860255678115317,AVERAGE
train,28.68165581506918,0.8268736127209909,0.2732826513992128,AVERAGE
