mode,psnr,ssim,lpips,scene
test,27.671278185796226,0.8107739736920812,0.25989335049420365,AVERAGE
train,28.911830304340064,0.8419451063220312,0.24247460952749014,AVERAGE
